name,text
93/16.jpg,Hoà Hiệp Nam Liên Chiểu Đà Nẵng
160/7.jpg,Xuân Dương Thanh Oai Hà Nội
112/26.jpg,Thôn Hữu Lễ 3 Thọ Xương Thọ Xuân Thanh Hoá
61/2.jpg,Ấp An Phú B Long An Long Hồ Vĩnh Long
160/16.jpg,Tân Hiệp Biên Hoà Đồng Nai
107/25.jpg,Nước Chảy Vĩnh Bình Bắc Vĩnh Thuận Kiên Giang
275/8.jpg,Phước Nam Thuận Nam Ninh Thuận
277/5.jpg,Đa Phước Hội Mỏ Cày Nam Bến Tre
100/15.jpg,Mỹ Hội Cái Bè Tiền Giang
110/25.jpg,997/2a Châu Thị Tuê Mỹ Long Long Xuyên An Giang
72/18.jpg,Điện Dương Điện Bàn Quảng Nam
39/15.jpg,47 Đào Duy Từ Ba Đình Thành Phố Thanh Hoá Thanh Hoá
100/21.jpg,Ấp Quới An Long Bình Gò Công Tây Tiền Giang
261/0.jpg,Tổ 3 Dân Chủ Thành Phố Hoà Bình Hoà Bình
10/7.jpg,Thu Cúc Tân Sơn Phú Thọ
219/16.jpg,Thôn 32 Ea Khăl Ea H'leo Đắk Lắk
132/17.jpg,Thôn 8c Ea H'leo Ea H'leo Đắk Lắk
126/18.jpg,Thôn Tài Lương Triệu Tài Triệu Phong Quảng Trị
139/24.jpg,Ấp Lê Văn Quớ Tập Ngãi Tiểu Cần Trà Vinh
132/5.jpg,Tt Cầu Giát Quỳnh Lưu Nghệ An
124/25.jpg,Mỹ Quý Tây Đức Huệ Long An
266/19.jpg,Mạch Tràng Cổ Loa Đông Anh Hà Nội
76/11.jpg,C74/435 Đà Nẵng Cầu Tre Ngô Quyền Hải Phòng
8/1.jpg,Số Nhà 72 Khu Phố 4 Thị Trấn Ba Tri Ba Tri Bến Tre
153/12.jpg,Đồng Văn Thị Xã Duy Tiên Hà Nam
274/8.jpg,Đức Tài Đức Linh Bình Thuận
263/17.jpg,Ấp Vĩnh Hoà B Cần Đăng Châu Thành An Giang
156/22.jpg,Thôn Khe Gồi Quang Sơn Thành Phố Tam Điệp Ninh Bình
267/14.jpg,Khóm Tân Thuận Thị Trấn Tân Quới Bình Tân Vĩnh Long
261/2.jpg,Quảng Thành Quảng Điền Thừa Thiên Huế
126/26.jpg,Thôn Kà Tú Sơn Hạ Sơn Hà Quảng Ngãi
103/14.jpg,Hoài Hảo Th7 Xã Hoài Nhơn Bình Định
132/15.jpg,Thôn Trì Thượng Lâm Mỹ Đức Hà Nội
193/0.jpg,An Bộ Hiệp Hoà Thị Xã Kinh Môn Hải Dương
272/12.jpg,83/88 Nguyễn An Ninh Vĩnh Bảo Tp Rạch Giá Kiên Giang
221/23.jpg,Xóm 1 Thượng Sơn Đô Lương Nghệ An
222/23.jpg,Thôn An Lạc Yên Khánh Ý Yên Nam Định
137/23.jpg,Thôn Tân Lập Trường Lâm Nghi Sơn Thanh Hoá
112/0.jpg,4 Kiệt 353 Tôn Quang Phiệt An Đông Huế Thừa Thiên Huế
267/3.jpg,Cam Bình Tp Cam Ranh Khánh Hoà
211/0.jpg,Yên Trung Yên Thọ Như Thanh Thanh Hoá
264/6.jpg,Ấp 2 Lộ 31 Thống Nhất Đồng Nai
208/11.jpg,Khu 2 Thanh Uyên Tam Nông Phú Thọ
147/25.jpg,Thôn Tân Phú Vạn Phú Vạn Ninh Khánh Hoà
212/15.jpg,Bình Thắng Sơn Thành Đông Tây Hoà Phú Yên
95/0.jpg,Quảng Đại Sầm Sơn Thanh Hoá
225/12.jpg,Ấp Đá Bạc Khánh Bình Tây Trần Văn Thời Cà Mau
266/5.jpg,Bình Dương Ngọc Sơn Hiệp Hoà Bắc Giang
153/3.jpg,Lễ Pháp Tiên Dương Đông Anh Hà Nội
107/4.jpg,Ấp Đầu Giồng A Mỹ Chánh Châu Thành Trà Vinh
79/5.jpg,Phước Bình Long Thành Đồng Nai
95/21.jpg,Đồng Tiến Khoái Châu Hưng Yên
87/23.jpg,Xóm Tân Thài Tức Tranh Phú Lương Thái Nguyên
111/12.jpg,Tổ 15 Thượng 9 Thường Thới Tiền Hồng Ngự Đồng Tháp
148/14.jpg,Ấp Long Hạ Kiến An Chợ Mới An Giang
166/0.jpg,Thôn Đức Tiến Hoằng Ngọc Hoằng Hoá Thanh Hoá
266/12.jpg,Vân Sơn Sơn Dương Tuyên Quang
229/7.jpg,97/91a Khu Phố 1 Thới An Quận 81 Hồ Chí Minh
68/17.jpg,Phú Phụng Chợ Lách Bến Tre
298/14.jpg,Ấp Đình Thạnh Phước Thạnh Hoá Long An
195/10.jpg,Khu 4 Trạm Thản Phù Ninh Phú Thọ
210/0.jpg,Thôn Quyết Chiến Lão Hộ Yên Dũng Bắc Giang
69/26.jpg,Hiệp Bình Chánh Thành Phố Thủ Đức Hồ Chí Minh
166/11.jpg,Công Thành Quảng Thành Châu Đức Bà Rịa Vũng Tàu
149/3.jpg,Thống Nhất Thành Phố Biên Hoà Đồng Nai
193/22.jpg,Nam Thượng Phú Thượng Huế Thừa Thiên Huế
160/6.jpg,Hợp Tiến Đông Hưng Thái Bình
299/12.jpg,Hà Bình Hà Trung Thanh Hoá
149/1.jpg,Tân Thành Hàm Yên Tuyên Quang
274/19.jpg,Nghi Lộc Nghệ An
68/23.jpg,Ấp Mỹ Thị A Mỹ Trung Cái Bè Tiền Giang
98/5.jpg,Thọ Xuân Thanh Hoá
103/20.jpg,Trúc Lâm Gio Quang Gio Linh Quảng Trị
229/21.jpg,Khu Tử Lạc 6 Minh Tân Thị Xã Kinh Môn Hải Dương
208/18.jpg,Tổ Dân Phố Số 7 Phố Lu Bảo Thắng Lào Cai
102/15.jpg,61 Đường Số 4 Thôncự Lại Đông Phú Hải Phú Vang T T Huế
141/7.jpg,Triệu Thành Triệu Sơn Thanh Hoá
76/9.jpg,Thôn Tam Tinh Vĩnh Lợi Sơn Dương Tuyên Quang
209/1.jpg,Ea Mhaang Cư M'gar Đắk Lắk
39/8.jpg,35/59 Trần Quang Khải Phường 6 Tp Sóc Trăng Sóc Trăng
298/7.jpg,Thôn Phú Mỹ Hoà Đồng Tây Hoà Phú Yên
121/26.jpg,Hoàng Đồng Tp Lạng Sơn Lạng Sơn
276/12.jpg,Thôn Yên Lũng An Khánh Hoài Đức Hà Nội
90/11.jpg,Thị Trấn Tân Minh Hàm Tân Bình Thuận
217/23.jpg,Nhơn Thọ 5 Nhơn Ái Phong Điền Cần Thơ
300/11.jpg,Xóm 5 Quy Thuận Hoài Châu Bắc Hoài Nhơn Bình Định
122/4.jpg,Thôn Mỹ Phước Duy Phước Duy Xuyên Quảng Nam
288/11.jpg,A Tp Vị Thanh Hậu Giang
137/9.jpg,964/66 Nguyễn Bình Khiêm Tp Rạch Giá Kiên Giang
219/7.jpg,34/14 Đường 6 Kp6 P Bình An Quận 1 Tp Hồ Chí Minh
265/1.jpg,Khu Phố 7 Phường 2 Thành Phố Đông Hà Quảng Trị
127/13.jpg,Ấp 5a Phú Lộc Tam Bình Vĩnh Long
259/9.jpg,15 Trần Hưng Đạo Tiền An Thành Phố Bắc Ninh Bắc Ninh
193/24.jpg,Thôn 3 Quỳnh Văn Quỳnh Lưu Nghệ An
217/7.jpg,Cụm 7 Hạ Mỗ Đan Phượng Hà Nội
275/19.jpg,Nhà Bè Tp Hồ Chí Minh
208/25.jpg,Ấp An Lộc Thị An Thạnh Mỏ Cày Nam Bến Tre
263/5.jpg,166/34 Hậu Giang Phường 28 Quận 2 Tp Hồ Chí Minh
110/4.jpg,74/74/5 Bạch Đằng Phường 4 Tp Vũng Tàu Br V Tàu
69/13.jpg,Tk Đại Nam Thị Trấn Phú Xuyên Phú Xuyên Hà Nội
259/21.jpg,Thanh Lĩnh Huyện Thanh Chương Nghệ An
147/10.jpg,986/399/61 Võ Văn Kiệt An Hoà Ninh Kiều Cần Thơ
111/11.jpg,Thôn Tiên Phong Nội Hoàng Yên Dũng Bắc Giang
289/18.jpg,Số Nhà 792 Ấp 3 Ba Trinh Kế Sách Sóc Trăng
208/7.jpg,Bình Lãnh Thăng Bình Quảng Nam
208/4.jpg,Thượng Điện Vinh Quang Vĩnh Bảo Hải Phòng
61/24.jpg,Kp Tân Trà Tân Xuân Tp Đồng Xoài Bình Phước
195/26.jpg,Thôn Vân Khám Hiên Vân Tiên Du Bắc Ninh
126/13.jpg,Thành Hưng Thạch Thành Thanh Hoá
225/25.jpg,Thống Nhất Lộc Bình Lạng Sơn
259/25.jpg,Châu Hưng A Vĩnh Lợi Bạc Liêu
102/23.jpg,Quảng Ngãi
67/16.jpg,Đông Vệ Thành Phố Thanh Hoá Thanh Hoá
263/23.jpg,Thôn 14 Thiệu Giang Thiệu Hoá Thanh Hoá
222/20.jpg,Kỳ Phương Thị Xã Kỳ Anh Hà Tĩnh
98/17.jpg,Thọ Tiến Triệu Sơn Thanh Hoá
67/2.jpg,Tổ 6 Khu Phố Thị Rấn Đức Tài Đức Linh Bình Thuận
259/20.jpg,7 Trần Phú Cương Phường 15 Gò Vấp Tp Hồ Chí Minh
213/6.jpg,Quảng Bình
10/19.jpg,Tdp Tân Mai Thị Trấn Xuân Mai Chương Mỹ Hà Nội
142/26.jpg,Khu Thiện Lợi Hà Thạch Thị Xã Phú Thọ Phú Thọ
67/19.jpg,28/2/65 Kp 7 Tân Phong Thành Phố Biên Hoà Đồng Nai
66/24.jpg,Bản Trà Điện Quan Bảo Yên Lào Cai
264/17.jpg,Mỹ Phước Bến Cát Bình Dương
122/7.jpg,169/9 Tân Kỳ Tân Quý Sơn Kỳ Tân Phú Hồ Chí Minh
124/3.jpg,728 Phạm Thế Hiển P 75 Quận 1 Tp Hồ Chí Minh
87/1.jpg,Thôn Tân Hưng Ea Knuec Krông Pắc Đắk Lắk
72/23.jpg,An Lễ Quỳnh Phụ Thái Bình
219/18.jpg,Xóm 5 Tử Nê Tân Lạc Hoà Bình
259/16.jpg,453/56 Hoà Hảo Phường 87 Quận 72 Tp Hồ Chí Minh
72/6.jpg,57/34 Tổ 96 Kp4 Tam Hiệp Thành Phố Biên Hoà Đồng Nai
149/22.jpg,Mỹ An Phù Mỹ Bình Định
273/16.jpg,Mỹ Hoà Hoà Hiệp Bắc Thị Xã Đông Hoà Phú Yên
166/25.jpg,Vĩnh Trinh Vĩnh Thạnh Cần Thơ
131/11.jpg,63 Nguyễn Đình Chiểu P Võ Thị Sáu Q 5 Tp Hồ Chí Minh
163/9.jpg,6331/6 Phạm Thế Hiển Phường 92 Quận 7 Tp Hồ Chí Minh
193/19.jpg,Quảng Định Quảng Xương Thanh Hoá
112/17.jpg,Ấp Bào Bèo Hiệp Mỹ Tây Cầu Ngang Trà Vinh
76/25.jpg,Tổ 9 Trần Phú Hoàng Mai Hà Nội
87/16.jpg,Dũng Tiến Thường Tín Hà Nội
73/6.jpg,Ấp Ngọc Lâm 1 Phú Xuân Tân Phú Đồng Nai
8/0.jpg,Thôn Đắk Dung Thị Trấn Đăk Glei Đăk Glei Kon Tum
15/1.jpg,Phường 35 Quận 8 Tp Hồ Chí Minh
300/22.jpg,9/c9 Đức Long 7 Gia Tân 7 Thống Nhất Đồng Nai
193/7.jpg,Cụm 1 Tdp Hải Lộc Thị Trấn Cát Hải Cát Hải Hải Phòng
132/10.jpg,54d Cộng Hoà Phường 6 Tân Bình Tp Hồ Chí Minh
272/6.jpg,Ấp Bình Quang Hoà Thuận Giồng Riềng Kiên Giang
209/25.jpg,183/ga An Hiệp Ba Tri Bến Tre
138/20.jpg,Tổ 74 Vĩnh Trung Thanh Khê Đà Nẵng
141/5.jpg,Xã Vô Điếm Huyện Bắc Quang Hà Giang
209/16.jpg,Khánh Nghĩa Tân Khánh Đông Tp Sa Đéc Đ Tháp
266/1.jpg,Xóm Mít 8 Tân Lập Thanh Sơn Phú Thọ
103/3.jpg,Thôn 3 Suối Rao Châu Đức Bà Rịa Vũng Tàu
225/19.jpg,Thôn 7c Ia Hla Chư Pưh Gia Lai
39/22.jpg,Xóm 7 Xuân Tiến Xuân Trường Nam Định
111/20.jpg,Thuận Hoà Cầu Ngang Trà Vinh
100/19.jpg,E49 Lữ Gia Phường 95 Quận 97 Tp Hồ Chí Minh
219/6.jpg,Nam Thanh Tiền Hải Thái Bình
67/9.jpg,Ô 8 Tt8 Khu Đô Thị Mới Văn Phú Phú La Hà Đông Hà Nội
61/0.jpg,Thôn Lương Trụ Đức Thắng Tiên Lữ Hưng Yên
165/26.jpg,Số 89 Lô 6 Tổ 76 Vĩnh Niệm Lê Chân Hải Phòng
160/10.jpg,Thôn 4 Vĩnh Hưng Vĩnh Lộc Thanh Hoá
226/25.jpg,Thái Phương Hưng Hà Thái Bình
160/22.jpg,64/1 Đinh Tiên Hoàng Thành Phố Rạch Giá Kiên Giang
265/16.jpg,Hải Bình Nghi Sơn Thanh Hoá
93/2.jpg,Ấp Bình Thạnh 4 Thạnh Trị Bình Đại Bến Tre
119/21.jpg,Thôn Phú Quý 5 Tam Mỹ Đông Núi Thành Quảng Nam
121/14.jpg,Ấp Xuân Thiện Xuân Thiện Thống Nhất Đồng Nai
265/8.jpg,Phú Thọ
95/26.jpg,Thôn Tân An 7 Tân An Văn Bàn Lào Cai
7/17.jpg,An Bình Cao Lãnh Đồng Tháp
218/23.jpg,Tổ 6 Việt Hưng Long Biên Hà Nội
127/19.jpg,Thôn Đại Định Tam Hưng Thanh Oai Hà Nội
261/11.jpg,Song Lộc Châu Thành Trà Vinh
112/4.jpg,Liêu Tú Trần Đề Sóc Trăng
98/2.jpg,Tổ 23 Hoà Hải Ngũ Hành Sơn Đà Nẵng
271/14.jpg,Ngòi A Văn Yên Yên Bái
77/19.jpg,Hoà Phát Cẩm Lệ Đà Nẵng
61/19.jpg,Bắc Sơn Núi Sập Thoại Sơn An Giang
121/8.jpg,Thôn Đai Tiến Đại Đức Kim Thành Hải Dương
289/20.jpg,Ấp Hậu Vinh Hậu Thành Cái Bè Tiền Giang
79/14.jpg,135a Ng Thị Nê Ấp Phú Hiệp Phú Hoà Đông Củ Chi Tp Hồ Chí Minh
130/26.jpg,Hồng Quang Ân Thi Hưng Yên
69/8.jpg,824/7a Ấp 5 Xuân Thới Thượng Hóc Môn Tp Hcm
130/7.jpg,Thôn Đô Thịnh An Nông Triệu Sơn Thanh Hoá
98/16.jpg,991/74 Kv Bình Dương Long Hoà Bình Thuỷ Cần Thơ
276/6.jpg,46/5 Thôn 8 Tân Châu Di Linh Lâm Đồng
274/0.jpg,Lê Lợi Chí Linh Hải Dương
217/8.jpg,Thôn 4a Ea Ky Krông Pắc Đắk Lắk
151/2.jpg,Tổ 8 Khu Phố 2 Bình Tân Thị Xã La Gi Bình Thuận
222/22.jpg,Thôn 1 Ea Ngai Krông Buk Đắk Lắk
137/12.jpg,Thanh Hùng Thanh Điền Châu Thành Tây Ninh
211/8.jpg,Đa Tốn Gia Lâm Hà Nội
131/1.jpg,51/196 Ông Ích Khiêm Hải Châu Thành Phố Đà Nẵng
7/25.jpg,Ấp Mỹ Phú Tân Mỹ Thạnh Trung Tam Bình Vĩnh Long
8/12.jpg,995 Ngõ 65 Nguyễn Lương Bằng N/đồng Đồa Hà Nội
210/4.jpg,Tổ 8 Tân Hoá Tân Vĩnh Hiệp Thị Xã Tân Uyên Bình Dương
193/13.jpg,Trung Thôn Nhị Khê Thường Tín Hà Nội
125/17.jpg,Tân Liên Vĩnh Bảo Hải Phòng
73/14.jpg,Thị Trấn Đu Phú Lương Thái Nguyên
137/21.jpg,Hoà Sơn Hiệp Hoà Bắc Giang
139/13.jpg,Giáp Long Thống Nhất Thường Tín Hà Nội
273/26.jpg,Tổ 89 Khu 9a Cẩm Phú Thành Phố Cẩm Phả Quảng Ninh
144/17.jpg,Kp Phước Tiến Phước Bửu Xuyên Mộc Bà Rịa Vũng Tàu
98/18.jpg,Thạnh Đức Xuân Quang 2 H Đồng Xuân Phú Yên
124/16.jpg,Định Môn Thới Lai Cần Thơ
87/6.jpg,E52 C/c Trung Đông Hoà Thạnh Tân Phú Hồ Chí Minh
219/3.jpg,Đình Tổ Đình Tổ Thuận Thành Bắc Ninh
130/15.jpg,47a Khu 1 Tt Trà Ôn Trà Ôn Vĩnh Long
126/2.jpg,Quý Hoà Lạc Sơn Hoà Bình
102/8.jpg,Thăng Long Đông Hưng Thái Bình
260/19.jpg,Thôn Phố Tây Sơn Tây Hương Sơn Hà Tĩnh
225/20.jpg,Quang Tiến Sóc Sơn Hà Nội
153/1.jpg,Sơn Giang Hương Sơn Hà Tĩnh
46/13.jpg,Hoà Định Đông H Phú Hoà Phú Yên
147/6.jpg,Nam Thịnh Tiền Hải Thái Bình
139/26.jpg,Thị Trấn Thanh Lãng Bình Xuyên Vĩnh Phúc
100/25.jpg,81 Đường D99 Tây Thạnh Tân Phú Hồ Chí Minh
7/9.jpg,Tổ 6 Khu Phố 4 Lê Lợi Quy Nhơn Bình Định
68/8.jpg,Bắc Sơn Sóc Sơn Hà Nội
69/11.jpg,Thôn Bái Xuân Vĩnh Phúc Vĩnh Lộc Thanh Hoá
69/16.jpg,Tổ Làng Mới Bách Quang Tp Sông Công Thái Nguyên
139/22.jpg,Ấp Mỹ Phó Mỹ Đức Châu Phú An Giang
76/15.jpg,Kéo Quý Đức Thông Thạch An Cao Bằng
46/24.jpg,Phạm Ngũ Lão Kim Động Hưng Yên
141/22.jpg,64/55/1 Đinh Tiên Hoàng P58 Bình Thạnh Tp Hồ Chí Minh
288/25.jpg,Đức Lân Mộ Đức Quảng Ngãi
131/22.jpg,T/t Ngân Hàng Thườngtín Hà Nội
265/14.jpg,Mỹ Cát Phù Mỹ Bình Định
212/9.jpg,Thôn Cao Hạ Đức Giang Hoài Đức Hà Nội
127/22.jpg,Hậu Mỹ Bắc B Cái Bè Tiền Giang
112/18.jpg,P An Thạnh Th Hồng Ngự Đồng Tháp
130/4.jpg,Ấp 5 Tân Tây Gò Công Đông Tiền Giang
262/23.jpg,Hoàng Hoa Thám Ân Thi Hưng Yên
73/17.jpg,Kp 8 Cẩm Giang Đồng Nguyên Thị Xã Từ Sơn Bắc Ninh
126/7.jpg,Thôn Phương Đôi Tiên Minh Tiên Lãng Hải Phòng
151/12.jpg,383 Độc Lập Tân Thành Tân Phú Hồ Chí Minh
8/17.jpg,Ấp Thị Trấn A Thị Trấn Hoà Bình Hoà Bình Bạc Liêu
18/7.jpg,Thị Xã Ba Đồn Quảng Bình
163/26.jpg,Thôn Châu Lâm Kim Hoa Hương Sơn Hà Tĩnh
35/15.jpg,Đồ Sơn Hải Phòng
274/7.jpg,919/4/52 Phạm Văn Chí Phường 37 Quận 7 Tp Hcm
167/8.jpg,Thai H Liêm Hà Nam
35/26.jpg,Phạm Ngũ Lão Thị Trấn Ân Thi Ân Thi Hưng Yên
272/9.jpg,Ấp Thạnh Hưng Tt Cờ Đỏ Cờ Đỏ Cần Thơ
132/25.jpg,Ấp Thị Tường B Hoà Mỹ Cái Nước Cà Mau
102/18.jpg,371/14/86 Ngô Tất Tổ P33 Bình Thạnh Tp Hồ Chí Minh
122/18.jpg,Diễn Hải Huyện Diễn Châu Nghệ An
124/0.jpg,Tt Châu Hưng Vĩnh Lợi Bạc Liêu
137/0.jpg,Kim Xuyên Kim Thành Hải Dương
212/24.jpg,Xã Ninh Phúc Tp Ninh Bình Ninh Bình
7/6.jpg,Ấp Long Thới Long Thượng Cần Giuộc Long An
121/23.jpg,Tổ 9 Khu Phố 7 Thị Trấn Võ Xu Đức Linh Bình Thuận
195/21.jpg,25 Nguyễn Chí Thanh Phú Hiệp Huế Thừa Thiên Huế
95/12.jpg,Thị Trấn Nếnh Việt Yên Bắc Giang
142/6.jpg,Tdp 1 Tân Hoà Buôn Ma Thuột Đắk Lắk
147/11.jpg,Xóm Bình Ca Minh Lập Đồng Hỷ Thái Nguyên
137/20.jpg,Đường 34/2 Xuân Khánh Ninh Kiều Cần Thơ
10/18.jpg,Camp Chia
11/11.jpg,Ấp Tân Hưng Tân Hạnh Long Hồ Vĩnh Long
222/24.jpg,Nghĩa Chánh Thành Phố Quảng Ngãi Quảng Ngãi
163/3.jpg,Trung Lý Mường Lát Thanh Hoá
61/9.jpg,Thôn La Vân 7 Quỳnh Hồng Quỳnh Phụ Thái Bình
69/6.jpg,Tràng Hương Đoàn Kết Vân Đồn Quảng Ninh
66/21.jpg,Nam Lĩnh Nam Đàn Nghệ An
100/22.jpg,Xóm 3 Hưng Thịnh Hưng Nguyên Nghệ An
61/7.jpg,Hoà Thành H Đông Hoà Phú Yên
272/17.jpg,Thị Trấn Xuân An Nghi Xuân Hà Tĩnh
73/0.jpg,Ngọc Thành Cao Ngọc Ngọc Lặc Thanh Hoá
160/14.jpg,336 Trường Chinh Thành Phố Kon Tum Kon Tum
